Year,Crop_Code,CSBACRES,Crop_Name
2008,1,1352131.9918899552,Corn
2008,4,1376.577116320924,Sorghum
2008,5,249276.59409272342,Soybeans
2008,6,715.7984830028092,Other (6)
2008,12,26451.436072737128,Other (12)
2008,21,2911.451232211228,Barley
2008,23,341.2360718264713,Spring Wheat
2008,24,140172.4952696273,Winter Wheat
2008,25,188.93947244935816,Other (25)
2008,27,3265.5366236275017,Other (27)
2008,28,35107.48634265761,Other (28)
2008,29,32.63015205483067,Other (29)
2008,30,1164.4237188589166,Other (30)
2008,31,23.259500719553714,Other (31)
2008,36,546001.6024285386,Alfalfa
2008,37,1203978.2640055234,Other Hay
2008,39,202.79350852897343,Other (39)
2008,41,932.7405640763282,Other (41)
2008,42,40996.630464690345,Other (42)
2008,43,12251.6203458147,Other (43)
2008,44,1093.7805981106312,Other (44)
2008,47,2164.864380966807,Other (47)
2008,49,9306.138244030024,Other (49)
2008,50,1082.7986761779623,Other (50)
2008,53,16361.635938973921,Other (53)
2008,54,136.7017159326126,Other (54)
2008,58,2406.239084590249,Other (58)
2008,59,7805.321066274479,Sod/Grass Seed
2008,61,35496.342162266235,Fallow
2008,66,442.46200837766617,Other (66)
2008,67,42.49088973006673,Other (67)
2008,68,27679.688364741767,Other (68)
2008,69,27008.514018758702,Other (69)
2008,70,205.44142386411366,Other (70)
2008,71,33.26692529005214,Other (71)
2008,77,39.98177465698515,Other (77)
2008,92,34.91938678514422,Other (92)
2008,111,2936.3474214052308,Other (111)
2008,121,8177.611417580119,Developed
2008,122,1236.6242376103853,Other (122)
2008,123,408.28074125966225,Other (123)
2008,124,251.24764411891258,Other (124)
2008,131,2040.5484925091048,Other (131)
2008,141,23381.94100650493,Forest
2008,142,955.9648500617965,Other (142)
2008,143,72.87136044690473,Other (143)
2008,152,2805.0082636661054,Other (152)
2008,176,1079770.324178074,Grass/Pasture
2008,190,2018.0731380674458,Other (190)
2008,195,3200.049501968164,Other (195)
2008,205,645.6596718029729,Other (205)
2008,206,591.525692158597,Other (206)
2008,216,6.8456711607259475,Other (216)
2008,218,3.7819178803358966,Other (218)
2008,221,39.9372104130756,Other (221)
2008,222,1183.4153698899363,Other (222)
2008,225,161.81830227658264,Other (225)
2008,229,723.3333452992895,Other (229)
2008,242,66.75292488260925,Other (242)
2008,243,9289.349251641072,Other (243)
2008,246,7.93287189670491,Other (246)
2009,1,1373533.4130214609,Corn
2009,4,469.7722009934809,Sorghum
2009,5,289296.57721460995,Soybeans
2009,6,780.213438448499,Other (6)
2009,12,23468.933162415993,Other (12)
2009,21,2152.8329034021035,Barley
2009,23,248.7450127615413,Spring Wheat
2009,24,104542.04754316965,Winter Wheat
2009,27,4602.41106105292,Other (27)
2009,28,49478.73590151196,Other (28)
2009,29,19.97939474697459,Other (29)
2009,30,659.2164066680949,Other (30)
2009,36,525215.7824514564,Alfalfa
2009,37,1067733.7978591474,Other Hay
2009,39,195.29924118811738,Other (39)
2009,41,2035.9800682394925,Other (41)
2009,42,41775.62476273199,Other (42)
2009,43,15464.98492765673,Other (43)
2009,44,598.6590983689495,Other (44)
2009,47,182.72198409278428,Other (47)
2009,49,11533.17204462654,Other (49)
2009,50,963.325312355888,Other (50)
2009,53,13939.686870371817,Other (53)
2009,54,80.77048941269513,Other (54)
2009,55,41.93369257132895,Other (55)
2009,57,13.704235511309063,Other (57)
2009,58,3421.492669450022,Other (58)
2009,59,5070.340643075204,Sod/Grass Seed
2009,61,46364.939690155166,Fallow
2009,66,122.7788012786062,Other (66)
2009,67,24.427159071250863,Other (67)
2009,68,30280.554163111967,Other (68)
2009,69,24006.36321949743,Other (69)
2009,70,183.77694131728109,Other (70)
2009,71,35.07358909752682,Other (71)
2009,77,12.871224312623749,Other (77)
2009,92,11.536415364730145,Other (92)
2009,111,3821.692417620567,Other (111)
2009,121,8489.118964218655,Developed
2009,122,795.8950183654412,Other (122)
2009,123,457.5389982352474,Other (123)
2009,124,324.11114390138056,Other (124)
2009,131,2515.4510225892973,Other (131)
2009,141,17594.319325075227,Forest
2009,142,1002.6970768309801,Other (142)
2009,143,101.25817011244014,Other (143)
2009,152,3384.817031192103,Other (152)
2009,176,1191528.2347196317,Grass/Pasture
2009,190,1943.3839796841535,Other (190)
2009,195,3615.016553679903,Other (195)
2009,205,912.8700807145527,Other (205)
2009,206,1014.7701042063392,Other (206)
2009,216,44.12939755658857,Other (216)
2009,219,79.97314259756453,Other (219)
2009,220,10.306764636492954,Other (220)
2009,221,185.73503844485487,Other (221)
2009,222,2185.649235727546,Other (222)
2009,227,4.114497095151645,Other (227)
2009,229,657.2681266615941,Other (229)
2009,242,3.956162875508515,Other (242)
2009,243,9579.90258305503,Other (243)
2009,244,24.65412863317755,Other (244)
2010,1,1314449.074690112,Corn
2010,4,495.82074085915247,Sorghum
2010,5,319860.6235783032,Soybeans
2010,6,346.0188562515096,Other (6)
2010,12,16653.623389248456,Other (12)
2010,21,2091.9855669425488,Barley
2010,23,540.8329246624002,Spring Wheat
2010,24,96857.48132456961,Winter Wheat
2010,27,4780.962934846149,Other (27)
2010,28,40520.37945411768,Other (28)
2010,29,25.48844753809237,Other (29)
2010,30,1042.8975902751367,Other (30)
2010,36,526665.1448447659,Alfalfa
2010,37,2170052.7257897644,Other Hay
2010,41,1031.1574898033693,Other (41)
2010,42,32203.07833839978,Other (42)
2010,43,12584.920333347034,Other (43)
2010,44,1058.736178711138,Other (44)
2010,47,524.4270933104659,Other (47)
2010,49,10924.42276596069,Other (49)
2010,53,11380.859321482965,Other (53)
2010,54,70.7974207186352,Other (54)
2010,57,77.35777047193531,Other (57)
2010,58,3566.6276694952217,Other (58)
2010,59,5413.570890962904,Sod/Grass Seed
2010,60,6.815054833019067,Other (60)
2010,61,44333.33885370944,Fallow
2010,66,474.079035302467,Other (66)
2010,67,23.6625063605252,Other (67)
2010,68,30436.257689411166,Other (68)
2010,69,27231.97796108551,Other (69)
2010,70,50.868253948454,Other (70)
2010,71,23.607488890231878,Other (71)
2010,111,3932.2152652802456,Other (111)
2010,121,6472.120212989773,Developed
2010,122,727.7928161331685,Other (122)
2010,123,103.8224245050573,Other (123)
2010,124,19.97729106198871,Other (124)
2010,131,4871.83429873278,Other (131)
2010,141,31876.1288948057,Forest
2010,142,1350.1764373210322,Other (142)
2010,143,236.0276420088577,Other (143)
2010,152,33836.34343516196,Other (152)
2010,176,108326.96944907818,Grass/Pasture
2010,190,3108.34468649889,Other (190)
2010,195,4821.899378801994,Other (195)
2010,205,1197.340123055463,Other (205)
2010,206,590.9146110533901,Other (206)
2010,210,6.26699444032452,Other (210)
2010,214,32.35374040290114,Other (214)
2010,221,90.20766271461369,Other (221)
2010,222,1256.150322346233,Other (222)
2010,225,48.965185812111834,Other (225)
2010,227,114.60789312429708,Other (227)
2010,229,797.907636572766,Other (229)
2010,242,50.12460776763636,Other (242)
2010,243,9168.593512775964,Other (243)
2010,250,2.6317271406427083,Other (250)
2011,1,1416252.114236829,Corn
2011,4,238.24376843048555,Sorghum
2011,5,297488.0407280672,Soybeans
2011,6,205.15931634013467,Other (6)
2011,12,11170.25369545216,Other (12)
2011,21,1967.8082112875459,Barley
2011,23,297.45908005415953,Spring Wheat
2011,24,123609.68645084804,Winter Wheat
2011,26,7.3632312067056445,Other (26)
2011,27,4465.560816094826,Other (27)
2011,28,17685.19369843349,Other (28)
2011,30,537.8089601023945,Other (30)
2011,36,484047.2851801463,Alfalfa
2011,37,1983561.3350515454,Other Hay
2011,41,1396.8862315949045,Other (41)
2011,42,23197.08884014572,Other (42)
2011,43,12662.695398433361,Other (43)
2011,44,1397.8869471867167,Other (44)
2011,47,231.16088689077606,Other (47)
2011,49,8584.551213364803,Other (49)
2011,53,3400.8240661308096,Other (53)
2011,54,8.692411318772233,Other (54)
2011,57,20.732444763086917,Other (57)
2011,58,2809.251886371244,Other (58)
2011,59,1155.4289280092958,Sod/Grass Seed
2011,61,66116.64634859,Fallow
2011,66,593.9797393691131,Other (66)
2011,67,42.95580576583868,Other (67)
2011,68,37770.930094006784,Other (68)
2011,69,32607.10609811745,Other (69)
2011,70,417.1941857909856,Other (70)
2011,71,9.034428631274691,Other (71)
2011,111,5180.0992551430345,Other (111)
2011,121,7802.434534264586,Developed
2011,122,1223.7160093494906,Other (122)
2011,123,340.23916439767345,Other (123)
2011,124,205.02023917121676,Other (124)
2011,131,8936.579399960685,Other (131)
2011,141,41729.942662844696,Forest
2011,142,1289.1509042003986,Other (142)
2011,143,193.70217938771066,Other (143)
2011,152,52005.53221771014,Other (152)
2011,176,211214.8545582574,Grass/Pasture
2011,190,5231.721525026743,Other (190)
2011,195,6987.567930876292,Other (195)
2011,205,829.649091856262,Other (205)
2011,206,861.9972196749717,Other (206)
2011,210,29.866505388432508,Other (210)
2011,218,7.822243887959051,Other (218)
2011,220,10.746566659210707,Other (220)
2011,221,3.029959203113035,Other (221)
2011,222,1910.165175885893,Other (222)
2011,224,574.9748882408957,Other (224)
2011,225,119.30452189568754,Other (225)
2011,229,284.0473615126724,Other (229)
2011,240,3.8283959542211843,Other (240)
2011,242,51.558548506972926,Other (242)
2011,243,7843.236300797047,Other (243)
2011,247,3.3215305319144903,Other (247)
2011,250,8.87122814268716,Other (250)
2012,1,1517845.368715471,Corn
2012,4,426.6003815747239,Sorghum
2012,5,311809.83995621663,Soybeans
2012,6,297.7260180719904,Other (6)
2012,12,11981.771126039004,Other (12)
2012,21,1370.0787899465943,Barley
2012,23,154.0465090295755,Spring Wheat
2012,24,100115.00385397088,Winter Wheat
2012,25,13.82153851683305,Other (25)
2012,26,121.69893527268762,Other (26)
2012,27,3964.9876663237897,Other (27)
2012,28,37515.31984863559,Other (28)
2012,29,27.042371323810226,Other (29)
2012,30,415.6493409823145,Other (30)
2012,36,476420.8806831945,Alfalfa
2012,37,1952173.5091082936,Other Hay
2012,39,326.1382372797681,Other (39)
2012,41,270.90085916107773,Other (41)
2012,42,25254.64373369605,Other (42)
2012,43,10431.138074168619,Other (43)
2012,44,1263.8819436673566,Other (44)
2012,47,16.444049488994555,Other (47)
2012,49,9281.650337082738,Other (49)
2012,50,793.8922386753923,Other (50)
2012,53,7253.56548032027,Other (53)
2012,54,31.112822678080462,Other (54)
2012,55,3.8083644158771857,Other (55)
2012,57,80.10503272969778,Other (57)
2012,58,2286.6228908601815,Other (58)
2012,59,1021.4763424253861,Sod/Grass Seed
2012,60,4.334697542081254,Other (60)
2012,61,42365.514229683926,Fallow
2012,66,196.9445419552871,Other (66)
2012,67,71.14375862371698,Other (67)
2012,68,38517.57220172687,Other (68)
2012,69,25364.228356338223,Other (69)
2012,70,248.28374087619517,Other (70)
2012,77,10.64763018413301,Other (77)
2012,111,5619.377020143207,Other (111)
2012,121,7331.479243126416,Developed
2012,122,1311.7645505203577,Other (122)
2012,123,330.91197869488406,Other (123)
2012,124,215.600688524849,Other (124)
2012,131,11124.181334728326,Other (131)
2012,141,33564.57961010014,Forest
2012,142,1005.1473694554353,Other (142)
2012,143,546.1060857075181,Other (143)
2012,152,63081.643289319545,Other (152)
2012,176,161929.06647501347,Grass/Pasture
2012,190,3572.2464807780852,Other (190)
2012,195,6016.225185520931,Other (195)
2012,205,1458.2946468632908,Other (205)
2012,206,109.42019971095102,Other (206)
2012,214,53.676764357096076,Other (214)
2012,216,11.558264840221625,Other (216)
2012,218,173.559080697252,Other (218)
2012,220,7.198580731111209,Other (220)
2012,221,3.4846936760122897,Other (221)
2012,222,2127.657532954319,Other (222)
2012,225,56.79172751805597,Other (225)
2012,226,13.258118450412942,Other (226)
2012,227,10.977457242563645,Other (227)
2012,229,564.2368569948934,Other (229)
2012,236,101.40994550005385,Other (236)
2012,242,42.44285362937819,Other (242)
2012,243,8709.648056804706,Other (243)
2013,1,1376259.1577282918,Corn
2013,4,1326.2668374124958,Sorghum
2013,5,300519.18059592176,Soybeans
2013,6,539.8017080142142,Other (6)
2013,12,11214.519958312525,Other (12)
2013,13,8.215326083060425,Other (13)
2013,21,2329.6152542296627,Barley
2013,23,183.27515687358996,Spring Wheat
2013,24,112464.97238804797,Winter Wheat
2013,26,174.6627458234809,Other (26)
2013,27,4231.409903182292,Other (27)
2013,28,25512.004198333445,Other (28)
2013,29,17.409722833832497,Other (29)
2013,30,669.7570405578242,Other (30)
2013,35,6.308286586266915,Other (35)
2013,36,483918.8764349032,Alfalfa
2013,37,1172973.7631418058,Other Hay
2013,39,316.8105503444468,Other (39)
2013,41,1262.8567746927438,Other (41)
2013,42,24804.758839031074,Other (42)
2013,43,14307.972978287717,Other (43)
2013,44,979.5227626588423,Other (44)
2013,47,12.826263617144644,Other (47)
2013,49,9625.679876175758,Other (49)
2013,50,752.7707321028666,Other (50)
2013,53,7863.692135947383,Other (53)
2013,54,100.56994885214563,Other (54)
2013,55,32.58302229938377,Other (55)
2013,56,3.58384022806512,Other (56)
2013,57,25.042697972625575,Other (57)
2013,58,4073.5929366587065,Other (58)
2013,59,1184.349410192603,Sod/Grass Seed
2013,61,28547.184635692014,Fallow
2013,66,229.54154901850768,Other (66)
2013,67,84.23932128087455,Other (67)
2013,68,20250.7066148845,Other (68)
2013,69,22776.45630278853,Other (69)
2013,70,189.71296066731884,Other (70)
2013,77,12.515849930416344,Other (77)
2013,111,3778.686836042176,Other (111)
2013,121,7467.577109064643,Developed
2013,122,1044.5878897723098,Other (122)
2013,123,263.05550827134175,Other (123)
2013,124,224.53629733828933,Other (124)
2013,131,3680.005581474875,Other (131)
2013,141,17229.961804827468,Forest
2013,142,774.2130410709528,Other (142)
2013,143,150.5425937348909,Other (143)
2013,152,5310.13724601268,Other (152)
2013,176,1195934.9564759692,Grass/Pasture
2013,190,3034.0645476079176,Other (190)
2013,195,5701.4645375658065,Other (195)
2013,205,1283.4116106651657,Other (205)
2013,206,522.0505936021666,Other (206)
2013,207,115.95552673065417,Other (207)
2013,214,66.42278398266838,Other (214)
2013,216,43.70511861853354,Other (216)
2013,218,9.54951060333194,Other (218)
2013,220,5.738902914997058,Other (220)
2013,221,26.80745638685509,Other (221)
2013,222,1969.070234569556,Other (222)
2013,225,692.8199638054566,Other (225)
2013,226,16.625110250248007,Other (226)
2013,229,564.4952611688759,Other (229)
2013,236,28.102712114585128,Other (236)
2013,237,20.282752608701767,Other (237)
2013,240,3.242816583166137,Other (240)
2013,241,64.89931999762382,Other (241)
2013,242,48.74801142698211,Other (242)
2013,243,8913.519052151609,Other (243)
2013,244,31.314418163564874,Other (244)
2013,245,5.3321608946950105,Other (245)
2013,247,23.083852882731335,Other (247)
2013,254,4.205428635513099,Other (254)
2014,1,1292484.0260602545,Corn
2014,4,1405.7587696795283,Sorghum
2014,5,381374.34082190396,Soybeans
2014,6,660.2546889534175,Other (6)
2014,12,8285.311083231842,Other (12)
2014,21,1881.153220448304,Barley
2014,23,645.0829523131504,Spring Wheat
2014,24,104659.36896492857,Winter Wheat
2014,26,457.30921442453973,Other (26)
2014,27,5027.749552785458,Other (27)
2014,28,18743.35191254153,Other (28)
2014,29,39.84891999816355,Other (29)
2014,30,687.7123368056796,Other (30)
2014,32,7.143217334689208,Other (32)
2014,36,519948.5827463648,Alfalfa
2014,37,1222534.7058978614,Other Hay
2014,39,473.0796755766592,Other (39)
2014,41,979.7732737937896,Other (41)
2014,42,24762.415889576663,Other (42)
2014,43,14501.55970202563,Other (43)
2014,44,746.5271922969931,Other (44)
2014,47,24.748642184370386,Other (47)
2014,48,56.997826528761394,Other (48)
2014,49,8763.346447530175,Other (49)
2014,50,2150.8659138211005,Other (50)
2014,53,6409.977675719155,Other (53)
2014,54,241.66314134975423,Other (54)
2014,55,100.87164381072846,Other (55)
2014,56,3.58384022806512,Other (56)
2014,57,51.427757588773666,Other (57)
2014,58,5472.237864786188,Other (58)
2014,59,1557.394919683366,Sod/Grass Seed
2014,61,36734.5619614867,Fallow
2014,66,165.17197322136442,Other (66)
2014,67,67.23317809588396,Other (67)
2014,68,21272.799579633545,Other (68)
2014,69,25043.777860817918,Other (69)
2014,70,94.07123897473441,Other (70)
2014,71,27.29165173166947,Other (71)
2014,111,2818.927834110753,Other (111)
2014,121,19301.864276687138,Developed
2014,122,2459.3666944176725,Other (122)
2014,123,1788.2171872121216,Other (123)
2014,124,1392.745740047176,Other (124)
2014,131,3908.6882553388205,Other (131)
2014,141,14480.064440263242,Forest
2014,142,889.3905950845506,Other (142)
2014,143,152.53471501743462,Other (143)
2014,152,2620.8246381885124,Other (152)
2014,176,1104259.4359699371,Grass/Pasture
2014,190,4257.078493342538,Other (190)
2014,195,5543.089112809472,Other (195)
2014,205,2750.858098341303,Other (205)
2014,206,655.1220960967873,Other (206)
2014,207,194.35153830261658,Other (207)
2014,214,51.63569352209913,Other (214)
2014,216,67.24632246956374,Other (216)
2014,220,16.921077809612715,Other (220)
2014,221,11.167067871386685,Other (221)
2014,222,2628.330375835605,Other (222)
2014,224,3.018613427944508,Other (224)
2014,225,832.3948456397903,Other (225)
2014,226,77.64607799923559,Other (226)
2014,229,525.7833548585722,Other (229)
2014,237,42.40184051843195,Other (237)
2014,240,30.518441414319437,Other (240)
2014,241,23.51287325716494,Other (241)
2014,242,38.3919138603609,Other (242)
2014,243,8379.07663669785,Other (243)
2014,244,49.253817406161815,Other (244)
2014,246,17.537187083268382,Other (246)
2014,254,28.863462886849685,Other (254)
2015,0,3.937435797773154,Other (0)
2015,1,1321861.7380256578,Corn
2015,4,1247.425194645096,Sorghum
2015,5,353946.7354861713,Soybeans
2015,6,529.5736624932148,Other (6)
2015,12,9141.26956666754,Other (12)
2015,21,2345.1600678622567,Barley
2015,23,207.74685268623264,Spring Wheat
2015,24,117675.24928565697,Winter Wheat
2015,25,21.236335712433114,Other (25)
2015,27,5585.3329756289895,Other (27)
2015,28,32079.72559601642,Other (28)
2015,29,29.204192658539544,Other (29)
2015,30,710.2694428481407,Other (30)
2015,36,620872.6736137244,Alfalfa
2015,37,1369883.9990171418,Other Hay
2015,39,697.481984220527,Other (39)
2015,41,1446.408815734268,Other (41)
2015,42,26756.030199262488,Other (42)
2015,43,13443.187603589995,Other (43)
2015,44,190.37924933795412,Other (44)
2015,47,2.9591667043307415,Other (47)
2015,48,4.03207793943655,Other (48)
2015,49,10063.277663021257,Other (49)
2015,50,1102.3861154007277,Other (50)
2015,53,9691.256339759648,Other (53)
2015,54,21.971353758020527,Other (54)
2015,55,3.0384504185984267,Other (55)
2015,58,5820.472769168467,Other (58)
2015,59,2715.082213410787,Sod/Grass Seed
2015,61,103010.54521195297,Fallow
2015,66,111.5126393226063,Other (66)
2015,67,68.50498012184389,Other (67)
2015,68,34270.7171435901,Other (68)
2015,69,28522.52302549263,Other (69)
2015,70,326.86763092055196,Other (70)
2015,71,61.26597429727812,Other (71)
2015,77,15.263566674748922,Other (77)
2015,111,3496.14089741872,Other (111)
2015,121,18038.330212078487,Developed
2015,122,2049.173045283196,Other (122)
2015,123,1086.2099622661106,Other (123)
2015,124,1017.7614285799647,Other (124)
2015,131,4172.116646522893,Other (131)
2015,141,38661.14595441696,Forest
2015,142,677.4148324632528,Other (142)
2015,143,128.3120695882128,Other (143)
2015,152,5983.681176028017,Other (152)
2015,176,714661.694498175,Grass/Pasture
2015,190,4717.8649280334,Other (190)
2015,195,5304.151266869661,Other (195)
2015,205,1988.3367599289015,Other (205)
2015,206,731.551037538708,Other (206)
2015,208,20.918903247841612,Other (208)
2015,214,31.714093756790856,Other (214)
2015,216,22.66339585412599,Other (216)
2015,218,40.16693413046492,Other (218)
2015,219,4.004327560370357,Other (219)
2015,220,25.297001877438255,Other (220)
2015,221,16.504379108682127,Other (221)
2015,222,2241.902203803028,Other (222)
2015,224,30.056790076170138,Other (224)
2015,225,289.36971211431734,Other (225)
2015,226,98.09901434487466,Other (226)
2015,229,292.0954130777207,Other (229)
2015,242,58.96015589017859,Other (242)
2015,243,8399.630604850865,Other (243)
2015,244,5.990520981576234,Other (244)
2015,246,57.93651706929132,Other (246)
2015,254,3.7028896436276315,Other (254)
2009,1,1345178.050406693,Corn
2009,4,449.08143730680524,Sorghum
2009,5,283271.55384635244,Soybeans
2009,6,667.9087968797087,Other (6)
2009,12,22962.762112702356,Other (12)
2009,21,2138.5837134538433,Barley
2009,23,249.19010193456276,Spring Wheat
2009,24,103342.25421664082,Winter Wheat
2009,27,4493.508255131487,Other (27)
2009,28,48471.65195562919,Other (28)
2009,29,25.33036944961652,Other (29)
2009,30,683.8706178326227,Other (30)
2009,36,530211.3198638647,Alfalfa
2009,37,1083344.8943655142,Other Hay
2009,39,193.66135195539428,Other (39)
2009,41,1937.7746610082886,Other (41)
2009,42,40732.58028492984,Other (42)
2009,43,15708.558365375588,Other (43)
2009,44,604.9012044131473,Other (44)
2009,47,151.51818281867884,Other (47)
2009,49,11564.111232754138,Other (49)
2009,50,936.0943289438316,Other (50)
2009,53,13742.27787830819,Other (53)
2009,54,56.658762389440476,Other (54)
2009,55,10.176224290917915,Other (55)
2009,57,5.383223424547374,Other (57)
2009,58,3431.197894505453,Other (58)
2009,59,5118.567573508789,Sod/Grass Seed
2009,61,45465.712342298146,Fallow
2009,66,115.35474422989023,Other (66)
2009,67,18.327812618665526,Other (67)
2009,68,30791.352823742647,Other (68)
2009,69,23880.87085370455,Other (69)
2009,70,158.30935756463512,Other (70)
2009,71,23.172883424150083,Other (71)
2009,77,12.871275797675453,Other (77)
2009,92,15.361550571791268,Other (92)
2009,111,3078.9945388777846,Other (111)
2009,121,8360.218274757912,Developed
2009,122,797.3789746730984,Other (122)
2009,123,413.93011283100833,Other (123)
2009,124,317.93134889924545,Other (124)
2009,131,1988.5554597589842,Other (131)
2009,141,15322.393577421271,Forest
2009,142,812.7003211734574,Other (142)
2009,143,53.24820299233829,Other (143)
2009,152,2463.9306416356235,Other (152)
2009,176,1163965.69377773,Grass/Pasture
2009,190,1463.1867167165028,Other (190)
2009,195,2750.228421837299,Other (195)
2009,205,973.9155867058053,Other (205)
2009,206,996.1255964829288,Other (206)
2009,207,3.815508366577656,Other (207)
2009,216,55.276939534319105,Other (216)
2009,219,81.59401159265207,Other (219)
2009,220,7.4521621965259826,Other (220)
2009,221,200.84715063634494,Other (221)
2009,222,2125.374056331928,Other (222)
2009,227,8.93773965469252,Other (227)
2009,229,664.2010462294438,Other (229)
2009,242,3.226218685126266,Other (242)
2009,243,9400.060490779597,Other (243)
2009,244,21.62876629073545,Other (244)
2010,1,1292497.2944996401,Corn
2010,4,525.7560297176418,Sorghum
2010,5,316467.669395423,Soybeans
2010,6,417.0844175318891,Other (6)
2010,12,16698.363975404678,Other (12)
2010,21,2046.7272935488818,Barley
2010,23,492.5303380635766,Spring Wheat
2010,24,94712.17502996279,Winter Wheat
2010,27,4608.420362966549,Other (27)
2010,28,40031.923333490275,Other (28)
2010,29,25.444683638331515,Other (29)
2010,30,1079.8572950118994,Other (30)
2010,36,522169.13961282815,Alfalfa
2010,37,2173092.0237964815,Other Hay
2010,41,989.7110003206755,Other (41)
2010,42,31254.04633440813,Other (42)
2010,43,12677.002298373392,Other (43)
2010,44,1065.2851244529986,Other (44)
2010,47,504.141605546329,Other (47)
2010,49,10914.391539948401,Other (49)
2010,53,11348.120678475054,Other (53)
2010,54,64.3987943566037,Other (54)
2010,57,78.54609295460983,Other (57)
2010,58,3528.2881019537363,Other (58)
2010,59,5289.324233897278,Sod/Grass Seed
2010,60,8.292377040370635,Other (60)
2010,61,43480.26130184203,Fallow
2010,66,475.43302447417096,Other (66)
2010,67,34.80066573891891,Other (67)
2010,68,31290.76341684998,Other (68)
2010,69,27267.88276369803,Other (69)
2010,70,16.952408529536587,Other (70)
2010,71,16.431514566669218,Other (71)
2010,111,2975.9488201100344,Other (111)
2010,121,5747.305015814984,Developed
2010,122,758.6874568773923,Other (122)
2010,123,83.69288583257097,Other (123)
2010,124,26.74318785301225,Other (124)
2010,131,3727.2530058978205,Other (131)
2010,141,27436.78007058607,Forest
2010,142,1142.3746182467246,Other (142)
2010,143,254.27935373338715,Other (143)
2010,152,28886.146838072415,Other (152)
2010,176,100562.35318610855,Grass/Pasture
2010,190,2707.384287693629,Other (190)
2010,195,3833.997858112005,Other (195)
2010,205,1128.6543356098482,Other (205)
2010,206,671.2197068929036,Other (206)
2010,210,15.994094117602842,Other (210)
2010,214,28.559408515878356,Other (214)
2010,220,4.041618534660527,Other (220)
2010,221,48.5300373393071,Other (221)
2010,222,1312.4813408152675,Other (222)
2010,225,45.56467993794183,Other (225)
2010,227,127.72950599161675,Other (227)
2010,229,832.8608085951586,Other (229)
2010,242,44.72128227254487,Other (242)
2010,243,8920.999918591335,Other (243)
2010,250,2.81385146591989,Other (250)
2011,0,3.6649624744890943,Other (0)
2011,1,1397486.626690589,Corn
2011,4,217.77399066087213,Sorghum
2011,5,295631.6485265657,Soybeans
2011,6,194.44471557262042,Other (6)
2011,12,10972.519558879545,Other (12)
2011,21,1984.1797496901459,Barley
2011,23,335.2622131633435,Spring Wheat
2011,24,122280.49722681062,Winter Wheat
2011,26,7.36326065971883,Other (26)
2011,27,4434.800416384241,Other (27)
2011,28,17591.011348106924,Other (28)
2011,30,454.0095603552297,Other (30)
2011,36,478492.38957063947,Alfalfa
2011,37,1991592.0808594355,Other Hay
2011,41,1430.6108462645655,Other (41)
2011,42,22914.8476458293,Other (42)
2011,43,12514.618275909075,Other (43)
2011,44,1326.3363175494626,Other (44)
2011,47,209.44193247566193,Other (47)
2011,49,8593.779617800006,Other (49)
2011,53,3499.222500418945,Other (53)
2011,54,7.565681073010833,Other (54)
2011,57,33.260949891316145,Other (57)
2011,58,2684.751938177741,Other (58)
2011,59,1196.0565839492222,Sod/Grass Seed
2011,61,64034.381238423324,Fallow
2011,66,598.5929298991905,Other (66)
2011,67,90.78447613123113,Other (67)
2011,68,38518.32358727928,Other (68)
2011,69,32398.1283880766,Other (69)
2011,70,440.6564272494673,Other (70)
2011,71,16.138665672507468,Other (71)
2011,111,4562.84657765917,Other (111)
2011,121,7647.211522378483,Developed
2011,122,1200.348228858665,Other (122)
2011,123,366.17425644171493,Other (123)
2011,124,201.8336853662881,Other (124)
2011,131,7151.404537742864,Other (131)
2011,141,36220.38801571927,Forest
2011,142,960.9674785170606,Other (142)
2011,143,141.18242218011582,Other (143)
2011,152,46060.25507788988,Other (152)
2011,176,197055.53760486824,Grass/Pasture
2011,190,4484.448794944055,Other (190)
2011,195,5739.579408035489,Other (195)
2011,205,777.7019768887353,Other (205)
2011,206,853.9581210171568,Other (206)
2011,210,53.42776736626034,Other (210)
2011,218,4.577744809781881,Other (218)
2011,220,3.042426278594752,Other (220)
2011,221,3.426754058898075,Other (221)
2011,222,1878.828294763353,Other (222)
2011,224,605.4621897005381,Other (224)
2011,225,117.35132487125094,Other (225)
2011,229,264.29049610347664,Other (229)
2011,240,4.586865354903049,Other (240)
2011,242,50.42066895656569,Other (242)
2011,243,7882.235149666629,Other (243)
2011,247,7.050379125869847,Other (247)
2011,250,11.292093134256383,Other (250)
2012,1,1502341.736796706,Corn
2012,4,382.49277945225134,Sorghum
2012,5,309449.3986782391,Soybeans
2012,6,336.43318155006745,Other (6)
2012,12,11991.416859900683,Other (12)
2012,13,10.948929452698557,Other (13)
2012,21,1560.629932088767,Barley
2012,23,160.8583955982622,Spring Wheat
2012,24,98537.72959285136,Winter Wheat
2012,25,24.548734843882855,Other (25)
2012,26,118.31546150271095,Other (26)
2012,27,3743.7329621437343,Other (27)
2012,28,36936.33116712263,Other (28)
2012,29,27.942684502268303,Other (29)
2012,30,456.3600097548723,Other (30)
2012,36,470110.66510441893,Alfalfa
2012,37,1956400.9850757536,Other Hay
2012,39,282.8499284718926,Other (39)
2012,41,273.2311344782825,Other (41)
2012,42,25177.27542431284,Other (42)
2012,43,10550.90031519295,Other (43)
2012,44,1282.1799734053586,Other (44)
2012,47,16.00088328999136,Other (47)
2012,49,9156.295103822995,Other (49)
2012,50,765.2987892739595,Other (50)
2012,53,7186.166228640073,Other (53)
2012,54,36.64777863263586,Other (54)
2012,55,3.970821573740321,Other (55)
2012,57,86.25276334571338,Other (57)
2012,58,2322.361262148643,Other (58)
2012,59,1037.3408905218018,Sod/Grass Seed
2012,61,40907.608180248535,Fallow
2012,66,219.49419239795853,Other (66)
2012,67,43.403443046198355,Other (67)
2012,68,39369.857069052036,Other (68)
2012,69,25515.131164935516,Other (69)
2012,70,217.86447911058966,Other (70)
2012,77,17.627750563913587,Other (77)
2012,111,4840.48715741059,Other (111)
2012,121,7219.720931957697,Developed
2012,122,1228.448000681508,Other (122)
2012,123,327.0143165014227,Other (123)
2012,124,215.2176282653101,Other (124)
2012,131,8810.789899915795,Other (131)
2012,141,28380.741594297222,Forest
2012,142,639.214574027238,Other (142)
2012,143,498.4851353611665,Other (143)
2012,152,56545.84528959001,Other (152)
2012,176,149246.81610472267,Grass/Pasture
2012,190,2954.25086119872,Other (190)
2012,195,5080.733855319452,Other (195)
2012,205,1442.773442618874,Other (205)
2012,206,72.42090526267991,Other (206)
2012,208,3.4050300287107818,Other (208)
2012,214,66.36331595437706,Other (214)
2012,216,13.602021556191552,Other (216)
2012,218,205.3979756874995,Other (218)
2012,220,11.716912537343232,Other (220)
2012,221,4.011434776707111,Other (221)
2012,222,2243.028318026284,Other (222)
2012,225,50.930679793986606,Other (225)
2012,226,14.50891288293038,Other (226)
2012,227,10.282375118647463,Other (227)
2012,229,569.1053337737544,Other (229)
2012,236,94.95989161838982,Other (236)
2012,242,30.656544756392773,Other (242)
2012,243,8616.388148765702,Other (243)
2013,1,1371440.3759384204,Corn
2013,4,1351.9209437869317,Sorghum
2013,5,299302.6800211371,Soybeans
2013,6,485.58096253323623,Other (6)
2013,12,11153.089079345142,Other (12)
2013,13,9.420506489837177,Other (13)
2013,21,2275.3048440746597,Barley
2013,23,171.99530425775723,Spring Wheat
2013,24,112095.50990053292,Winter Wheat
2013,26,175.43058321831322,Other (26)
2013,27,4278.81686587469,Other (27)
2013,28,25674.319811613415,Other (28)
2013,29,16.125949904268914,Other (29)
2013,30,617.507510281303,Other (30)
2013,35,6.79987158240579,Other (35)
2013,36,482810.52454841294,Alfalfa
2013,37,1194279.7484496615,Other Hay
2013,39,343.9214946171239,Other (39)
2013,41,1223.054889882059,Other (41)
2013,42,24719.185125181408,Other (42)
2013,43,14351.186298346372,Other (43)
2013,44,928.9101153880564,Other (44)
2013,47,17.870508499704872,Other (47)
2013,49,9747.388850448322,Other (49)
2013,50,744.2871382694857,Other (50)
2013,53,7838.710688380027,Other (53)
2013,54,110.35115057859083,Other (54)
2013,55,2.81385146591989,Other (55)
2013,57,19.279561976569042,Other (57)
2013,58,4184.235906345908,Other (58)
2013,59,1228.8789754268707,Sod/Grass Seed
2013,61,28063.92895854544,Fallow
2013,66,181.9258558366018,Other (66)
2013,67,71.63323731539609,Other (67)
2013,68,20979.374236495358,Other (68)
2013,69,23111.071171409363,Other (69)
2013,70,158.53833414375885,Other (70)
2013,77,15.66769372814249,Other (77)
2013,111,3008.8070428877636,Other (111)
2013,121,7255.584892048804,Developed
2013,122,966.5802508493749,Other (122)
2013,123,235.69621169217714,Other (123)
2013,124,217.91482822461555,Other (124)
2013,131,2668.372983738407,Other (131)
2013,141,14317.188709124755,Forest
2013,142,523.1338027403875,Other (142)
2013,143,68.50320582343684,Other (143)
2013,152,4104.131939445025,Other (152)
2013,176,1137307.5810508698,Grass/Pasture
2013,190,2480.3612045569853,Other (190)
2013,195,4710.516655912906,Other (195)
2013,205,1288.1456325980346,Other (205)
2013,206,567.0801247127232,Other (206)
2013,207,107.84147789264682,Other (207)
2013,208,3.4226582108696313,Other (208)
2013,214,75.63344868542042,Other (214)
2013,216,49.26885798681097,Other (216)
2013,218,11.977232768936318,Other (218)
2013,220,9.091091901657732,Other (220)
2013,221,33.848320432053676,Other (221)
2013,222,1979.0187384069022,Other (222)
2013,225,683.0060804084166,Other (225)
2013,226,14.817913448410062,Other (226)
2013,229,521.0327422973398,Other (229)
2013,236,41.08384228345495,Other (236)
2013,237,20.282834827782494,Other (237)
2013,240,11.500435069491878,Other (240)
2013,241,61.96897545433066,Other (241)
2013,242,50.53753107750936,Other (242)
2013,243,8849.263283567961,Other (243)
2013,244,37.82812075829544,Other (244)
2013,245,3.1604988469903423,Other (245)
2013,247,19.847321004205952,Other (247)
2013,254,4.2054407924459145,Other (254)
2014,1,1286971.1084317989,Corn
2014,4,1374.9728845812908,Sorghum
2014,5,379463.0621968276,Soybeans
2014,6,665.7783458869491,Other (6)
2014,12,8357.596693612228,Other (12)
2014,21,1818.0325034529217,Barley
2014,23,628.512836274047,Spring Wheat
2014,24,103985.54477980886,Winter Wheat
2014,26,470.5726067522896,Other (26)
2014,27,5146.320118745538,Other (27)
2014,28,18503.07902368098,Other (28)
2014,29,38.47220082469495,Other (29)
2014,30,631.3626818375188,Other (30)
2014,32,5.909546471425044,Other (32)
2014,35,2.6229459256813774,Other (35)
2014,36,519936.5790205085,Alfalfa
2014,37,1243104.826741732,Other Hay
2014,39,495.47320613553916,Other (39)
2014,41,970.8183641331557,Other (41)
2014,42,24753.88978909965,Other (42)
2014,43,14438.352231665696,Other (43)
2014,44,760.3174280504365,Other (44)
2014,47,37.076409349896025,Other (47)
2014,48,61.873869361781615,Other (48)
2014,49,8689.724428346255,Other (49)
2014,50,2025.4092344053472,Other (50)
2014,53,6467.352713778387,Other (53)
2014,54,243.27413118824194,Other (54)
2014,55,94.86548144492001,Other (55)
2014,56,5.2153545524492015,Other (56)
2014,57,56.0177457688628,Other (57)
2014,58,5582.18425773482,Other (58)
2014,59,1579.0177636517326,Sod/Grass Seed
2014,61,36855.23192406394,Fallow
2014,66,183.17382539503166,Other (66)
2014,67,69.81645809411648,Other (67)
2014,68,21817.451468885505,Other (68)
2014,69,25465.290334875885,Other (69)
2014,70,86.55647415860952,Other (70)
2014,71,27.500811531486,Other (71)
2014,111,2161.2007953428338,Other (111)
2014,121,18247.73613538412,Developed
2014,122,2184.073802313834,Other (122)
2014,123,1450.7074622009525,Other (123)
2014,124,1195.7903444897443,Other (124)
2014,131,2903.189076242387,Other (131)
2014,141,10604.63636938909,Forest
2014,142,546.9711639289517,Other (142)
2014,143,105.5123274110076,Other (143)
2014,152,2006.957215515847,Other (152)
2014,176,1049184.8940943303,Grass/Pasture
2014,190,3135.1343702095887,Other (190)
2014,195,4689.529187893814,Other (195)
2014,205,2691.239066921287,Other (205)
2014,206,705.4201824781964,Other (206)
2014,207,154.514246261715,Other (207)
2014,214,42.68179015358583,Other (214)
2014,216,60.053500647677026,Other (216)
2014,218,9.723303323408173,Other (218)
2014,220,23.20563458367072,Other (220)
2014,221,19.582375493663406,Other (221)
2014,222,2589.712333118956,Other (222)
2014,225,679.1403537022927,Other (225)
2014,226,76.90894312679804,Other (226)
2014,229,542.3551126964563,Other (229)
2014,237,46.46549251921326,Other (237)
2014,240,30.608898326381023,Other (240)
2014,242,38.36417852860265,Other (242)
2014,243,8404.76600594009,Other (243)
2014,244,53.04700196233549,Other (244)
2014,246,13.672212986953,Other (246)
2014,254,27.5702729375555,Other (254)
2015,1,1312108.8099268475,Corn
2015,4,1268.0576973431132,Sorghum
2015,5,352162.2607337272,Soybeans
2015,6,463.5277268679509,Other (6)
2015,12,9163.875036038948,Other (12)
2015,21,2349.889365261283,Barley
2015,23,249.75686498106575,Spring Wheat
2015,24,116468.72974283122,Winter Wheat
2015,25,21.100139018462368,Other (25)
2015,27,5429.6654348234915,Other (27)
2015,28,31703.049696535665,Other (28)
2015,29,31.859587496321716,Other (29)
2015,30,756.3739275767682,Other (30)
2015,36,622005.1636411351,Alfalfa
2015,37,1384325.2637043346,Other Hay
2015,39,761.7979128654441,Other (39)
2015,41,1376.540036889246,Other (41)
2015,42,26532.12952064226,Other (42)
2015,43,13565.66669060253,Other (43)
2015,44,184.34969781986888,Other (44)
2015,47,6.736814484503058,Other (47)
2015,48,6.993145278916,Other (48)
2015,49,10000.133230101417,Other (49)
2015,50,1077.0466958272218,Other (50)
2015,53,9690.214287570396,Other (53)
2015,54,34.21672401255588,Other (54)
2015,55,3.4544377087694333,Other (55)
2015,58,5872.486828282923,Other (58)
2015,59,2704.562213474853,Sod/Grass Seed
2015,60,9.132376510109744,Other (60)
2015,61,101167.52453172683,Fallow
2015,66,114.06410203388359,Other (66)
2015,67,63.76916174387002,Other (67)
2015,68,35554.41505959073,Other (68)
2015,69,29004.007307004646,Other (69)
2015,70,282.0145221825422,Other (70)
2015,71,50.49008404797305,Other (71)
2015,77,12.811512934505881,Other (77)
2015,111,2737.8731838624476,Other (111)
2015,121,16839.17140916079,Developed
2015,122,1750.5808906540678,Other (122)
2015,123,732.1177176314376,Other (123)
2015,124,789.9375040127327,Other (124)
2015,131,2671.9644757032643,Other (131)
2015,141,28110.93670129921,Forest
2015,142,337.6588718002275,Other (142)
2015,143,83.04556422349383,Other (143)
2015,152,4567.416849813304,Other (152)
2015,176,678934.9784357996,Grass/Pasture
2015,190,3987.7808676231202,Other (190)
2015,195,4252.81703619623,Other (195)
2015,205,1900.675464861303,Other (205)
2015,206,745.1574325902495,Other (206)
2015,208,29.21540420634191,Other (208)
2015,214,39.12865264712459,Other (214)
2015,216,20.991466051616662,Other (216)
2015,220,8.899014057330747,Other (220)
2015,221,18.982974612751175,Other (221)
2015,222,2175.766137787147,Other (222)
2015,224,49.90621499158263,Other (224)
2015,225,249.12273893200572,Other (225)
2015,226,99.2814799318181,Other (226)
2015,229,304.088783339429,Other (229)
2015,242,46.477517188048346,Other (242)
2015,243,8381.697807718152,Other (243)
2015,244,6.5330976106046865,Other (244)
2015,246,37.45425727624151,Other (246)
2015,254,4.002445018354581,Other (254)
2016,0,3.6649624744890943,Other (0)
2016,1,1298111.2105289886,Corn
2016,4,1167.13709706942,Sorghum
2016,5,374758.5456479455,Soybeans
2016,6,614.4879704337131,Other (6)
2016,12,10232.361319906126,Other (12)
2016,21,2413.2859281599403,Barley
2016,23,698.4312868059549,Spring Wheat
2016,24,119529.98258289846,Winter Wheat
2016,26,14.888609724874224,Other (26)
2016,27,6836.818350079021,Other (27)
2016,28,31791.278607272016,Other (28)
2016,29,171.1405543876263,Other (29)
2016,30,461.3283971906129,Other (30)
2016,36,647252.6542520955,Alfalfa
2016,37,1359214.8626421657,Other Hay
2016,39,740.9483275447044,Other (39)
2016,41,1394.0124121524736,Other (41)
2016,42,33415.1073578905,Other (42)
2016,43,13264.814974235987,Other (43)
2016,47,37.59151650464796,Other (47)
2016,49,10751.183470465372,Other (49)
2016,50,932.642038656741,Other (50)
2016,53,9316.108394667106,Other (53)
2016,54,15.096250143169506,Other (54)
2016,56,5.113360610960828,Other (56)
2016,57,15.934495109807632,Other (57)
2016,58,6940.745861827714,Other (58)
2016,59,2282.16189803113,Sod/Grass Seed
2016,61,65696.45979995195,Fallow
2016,66,90.7171176564618,Other (66)
2016,67,13.57205051237188,Other (67)
2016,68,36284.40882208749,Other (68)
2016,69,29088.480467923615,Other (69)
2016,70,172.25383821726214,Other (70)
2016,77,7.142813780113853,Other (77)
2016,92,15.361550571791268,Other (92)
2016,111,2598.8371931644806,Other (111)
2016,121,16728.471333026944,Developed
2016,122,1682.3583963580386,Other (122)
2016,123,733.3453011974634,Other (123)
2016,124,822.089831961702,Other (124)
2016,131,2501.6090976996916,Other (131)
2016,141,28442.722862359125,Forest
2016,142,334.0426273449506,Other (142)
2016,143,103.18068464519716,Other (143)
2016,152,4029.530759467541,Other (152)
2016,176,686878.3610853354,Grass/Pasture
2016,190,3929.43910601869,Other (190)
2016,195,5226.940980906956,Other (195)
2016,205,2959.9509592239588,Other (205)
2016,206,777.8484967710286,Other (206)
2016,214,90.09711110358964,Other (214)
2016,216,27.8174280244793,Other (216)
2016,219,128.79168014020615,Other (219)
2016,220,8.67448625874848,Other (220)
2016,221,4.3276942749266585,Other (221)
2016,222,2514.205717732074,Other (222)
2016,225,455.77920131030174,Other (225)
2016,226,69.82457350928875,Other (226)
2016,229,856.836593284081,Other (229)
2016,237,21.343178545485053,Other (237)
2016,240,33.25669918863045,Other (240)
2016,242,15.760902519447214,Other (242)
2016,243,10750.943500630912,Other (243)
2016,244,17.277476612469066,Other (244)
2017,1,1203048.883911268,Corn
2017,4,1676.6318661893984,Sorghum
2017,5,302928.46118658053,Soybeans
2017,6,1497.8639956484362,Other (6)
2017,21,3033.0769939522634,Barley
2017,23,300.86404835105407,Spring Wheat
2017,24,110376.56486838781,Winter Wheat
2017,26,73.2379589942765,Other (26)
2017,27,6096.343150602138,Other (27)
2017,28,13490.495028507106,Other (28)
2017,29,6.03987614663607,Other (29)
2017,30,352.34230333084184,Other (30)
2017,36,666755.5924758632,Alfalfa
2017,37,1504984.630370428,Other Hay
2017,39,410.24690254501326,Other (39)
2017,41,1691.8784095211554,Other (41)
2017,42,21997.411763755026,Other (42)
2017,43,10826.684687107812,Other (43)
2017,44,18.8482163910907,Other (44)
2017,47,27.47908000011534,Other (47)
2017,49,9788.990380544443,Other (49)
2017,50,1204.74418364515,Other (50)
2017,53,5866.838532115949,Other (53)
2017,56,30.91765663878426,Other (56)
2017,57,66.10531024410528,Other (57)
2017,58,5352.556012552973,Other (58)
2017,59,1730.8305609227343,Sod/Grass Seed
2017,61,203584.16342978185,Fallow
2017,66,115.41484081864712,Other (66)
2017,67,130.03148659894543,Other (67)
2017,68,39358.485521681505,Other (68)
2017,69,31933.98441694834,Other (69)
2017,70,460.67808675255696,Other (70)
2017,77,7.83564056948701,Other (77)
2017,92,5.42331092359282,Other (92)
2017,111,222.014513489668,Other (111)
2017,121,4310.504378623496,Developed
2017,122,127.14239923817901,Other (122)
2017,123,27.8421594252175,Other (123)
2017,124,8.098047020971,Other (124)
2017,131,218.25984180401383,Other (131)
2017,141,18503.065535317626,Forest
2017,142,499.72762456014567,Other (142)
2017,143,231.8989284201728,Other (143)
2017,152,894.2535060185813,Other (152)
2017,176,45106.37138170898,Grass/Pasture
2017,190,1018.1650115474207,Other (190)
2017,195,506.35205008606346,Other (195)
2017,205,4849.278531941589,Other (205)
2017,206,746.2894819065268,Other (206)
2017,214,66.04918128011566,Other (214)
2017,216,13.575609341875479,Other (216)
2017,219,314.0635753202361,Other (219)
2017,221,27.48747614419766,Other (221)
2017,222,2663.1647394458114,Other (222)
2017,225,216.87030086400395,Other (225)
2017,226,133.88169640018413,Other (226)
2017,227,13.3926414000177,Other (227)
2017,229,230.90901332628636,Other (229)
2017,242,93.94265071797506,Other (242)
2017,243,8174.219958195246,Other (243)
2017,247,13.8387839403563,Other (247)
2018,1,1298838.2051448806,Corn
2018,4,1289.826657734444,Sorghum
2018,5,383753.27990114153,Soybeans
2018,6,254.3447406905106,Other (6)
2018,21,2826.964938572208,Barley
2018,23,175.5701813737983,Spring Wheat
2018,24,103086.43101436786,Winter Wheat
2018,27,3737.612625567916,Other (27)
2018,28,17759.885752708025,Other (28)
2018,29,40.18367529960493,Other (29)
2018,30,672.9050223167638,Other (30)
2018,36,682799.8154051,Alfalfa
2018,37,1501569.7578925705,Other Hay
2018,39,1016.0648076680976,Other (39)
2018,41,2365.923609906481,Other (41)
2018,42,32677.847532642714,Other (42)
2018,43,13293.875709932941,Other (43)
2018,44,145.39283498658332,Other (44)
2018,47,332.67417415664266,Other (47)
2018,49,10197.197535751919,Other (49)
2018,50,1743.8849784946467,Other (50)
2018,53,6304.0979271697615,Other (53)
2018,54,16.355561721694,Other (54)
2018,56,71.42253885460643,Other (56)
2018,57,21.81911345313303,Other (57)
2018,58,6375.926336204996,Other (58)
2018,59,1709.062780261232,Sod/Grass Seed
2018,61,19772.162200963456,Fallow
2018,66,194.30430103989957,Other (66)
2018,67,119.88454600951445,Other (67)
2018,68,41268.186783385994,Other (68)
2018,69,33240.93241729483,Other (69)
2018,70,495.37182831330324,Other (70)
2018,77,14.10483024729383,Other (77)
2018,92,12.71524157324688,Other (92)
2018,111,148.98654002649923,Other (111)
2018,121,3962.3700295655467,Developed
2018,122,134.92379960944066,Other (122)
2018,123,31.54103842192383,Other (123)
2018,124,8.098047020971,Other (124)
2018,131,263.81516286702714,Other (131)
2018,141,13858.881371880385,Forest
2018,142,807.3701510890359,Other (142)
2018,143,162.59100700547748,Other (143)
2018,152,1074.7175401125107,Other (152)
2018,176,34005.860785472134,Grass/Pasture
2018,190,723.2380431771592,Other (190)
2018,195,532.0144700395882,Other (195)
2018,205,2589.457752747665,Other (205)
2018,206,794.6178640488503,Other (206)
2018,214,694.2573204159321,Other (214)
2018,219,75.67310365425726,Other (219)
2018,222,2293.329034352192,Other (222)
2018,225,191.02288205883562,Other (225)
2018,227,256.16330160111085,Other (227)
2018,229,690.639783885613,Other (229)
2018,242,93.94265071797506,Other (242)
2018,243,6837.500732497831,Other (243)
2018,244,16.0475850378304,Other (244)
2018,246,20.1849421316344,Other (246)
2019,1,1185268.585543069,Corn
2019,4,1896.7685376933614,Sorghum
2019,5,258149.29619670182,Soybeans
2019,6,199.26882746135746,Other (6)
2019,12,10344.7379138676,Other (12)
2019,21,3341.132174069624,Barley
2019,23,523.4871695277375,Spring Wheat
2019,24,80963.35107992686,Winter Wheat
2019,27,4630.706494922819,Other (27)
2019,28,18356.117119131788,Other (28)
2019,29,437.6544887420929,Other (29)
2019,30,220.30672401839,Other (30)
2019,36,652603.4934135601,Alfalfa
2019,37,1246286.0917296198,Other Hay
2019,39,1114.8224410429702,Other (39)
2019,41,3003.216532216315,Other (41)
2019,42,26118.146504682285,Other (42)
2019,43,14123.008614123846,Other (43)
2019,44,714.2117401409906,Other (44)
2019,47,246.95697930305286,Other (47)
2019,49,9164.867097418535,Other (49)
2019,50,1487.3025318337452,Other (50)
2019,53,8412.49163914131,Other (53)
2019,54,19.4217115502405,Other (54)
2019,56,6.10880922677148,Other (56)
2019,57,210.02446709166588,Other (57)
2019,58,7595.625187869954,Other (58)
2019,59,1366.9705523154478,Sod/Grass Seed
2019,61,301599.3951477992,Fallow
2019,66,163.56794625815849,Other (66)
2019,67,126.1947083823049,Other (67)
2019,68,42433.099721712664,Other (68)
2019,69,33699.42393929883,Other (69)
2019,70,127.06385312273632,Other (70)
2019,77,36.31185333737927,Other (77)
2019,92,19.09055524644393,Other (92)
2019,111,182.86190285206072,Other (111)
2019,121,4242.276048729088,Developed
2019,122,690.6992800130992,Other (122)
2019,123,766.3350408955297,Other (123)
2019,124,559.7111381280528,Other (124)
2019,131,334.09719901879635,Other (131)
2019,141,11001.340480518047,Forest
2019,142,401.03149823795667,Other (142)
2019,143,235.61515558573353,Other (143)
2019,152,120.20035133738125,Other (152)
2019,176,284943.7969861998,Grass/Pasture
2019,190,1321.0399915138942,Other (190)
2019,195,860.173232190001,Other (195)
2019,205,4083.5012706186567,Other (205)
2019,206,1123.9948095696523,Other (206)
2019,214,326.53200437877217,Other (214)
2019,216,13.9057326360518,Other (216)
2019,219,886.256552076259,Other (219)
2019,220,12.85563017291318,Other (220)
2019,222,2878.433207072448,Other (222)
2019,225,14.8664655057763,Other (225)
2019,226,53.33596503944388,Other (226)
2019,228,872.2176323263216,Other (228)
2019,229,694.8725183976404,Other (229)
2019,242,55.59546396329328,Other (242)
2019,243,6674.3815373113375,Other (243)
2019,254,102.98844207878068,Other (254)
2020,1,1289466.9107584378,Corn
2020,4,4641.563784726149,Sorghum
2020,5,366656.85937178717,Soybeans
2020,6,110.2190020550369,Other (6)
2020,12,11101.099101370113,Other (12)
2020,21,2918.475088944336,Barley
2020,22,18.14793796311464,Other (22)
2020,23,625.2800901947398,Spring Wheat
2020,24,122321.34395351511,Winter Wheat
2020,26,14.50175802999625,Other (26)
2020,27,5674.533739578148,Other (27)
2020,28,23293.16365478307,Other (28)
2020,29,142.5348031554028,Other (29)
2020,30,392.9603018745906,Other (30)
2020,36,679665.8366475928,Alfalfa
2020,37,1157509.5056294545,Other Hay
2020,39,829.404259941947,Other (39)
2020,41,2732.763837176935,Other (41)
2020,42,34948.389299328555,Other (42)
2020,43,13981.713418516722,Other (43)
2020,44,306.87408641675637,Other (44)
2020,47,63.5614934589443,Other (47)
2020,49,9450.199578561165,Other (49)
2020,50,1007.8447550095115,Other (50)
2020,53,8040.658798292462,Other (53)
2020,54,19.558610148002,Other (54)
2020,56,6.10880922677148,Other (56)
2020,57,4.52198264311248,Other (57)
2020,58,7605.003900174483,Other (58)
2020,59,1351.4196833683625,Sod/Grass Seed
2020,61,30708.45721621887,Fallow
2020,66,156.4249724516463,Other (66)
2020,67,150.89691800050878,Other (67)
2020,68,42048.91879479386,Other (68)
2020,69,33154.19798959579,Other (69)
2020,70,97.47250340838895,Other (70)
2020,77,61.21288959251438,Other (77)
2020,111,351.1631729913238,Other (111)
2020,121,4315.142786292184,Developed
2020,122,719.8891125384406,Other (122)
2020,123,780.1602848067666,Other (123)
2020,124,544.2278403205751,Other (124)
2020,131,494.1837396468161,Other (131)
2020,141,9810.6182314916,Forest
2020,142,329.53483452756404,Other (142)
2020,143,199.51382476131437,Other (143)
2020,152,114.48397059487323,Other (152)
2020,176,349411.321368332,Grass/Pasture
2020,190,1320.2242341284439,Other (190)
2020,195,1205.6250350214407,Other (195)
2020,205,4013.408336403319,Other (205)
2020,206,1271.3831503279016,Other (206)
2020,207,20.8519841851389,Other (207)
2020,214,283.2146489500353,Other (214)
2020,216,68.88800220161862,Other (216)
2020,219,103.5384922749797,Other (219)
2020,221,111.01209235445707,Other (221)
2020,222,2415.9982607291986,Other (222)
2020,225,196.07910979816717,Other (225)
2020,228,1755.9801229297625,Other (228)
2020,229,792.7746993033123,Other (229)
2020,237,32.9003263685161,Other (237)
2020,242,99.71023858005239,Other (242)
2020,243,6420.8681621466485,Other (243)
2021,1,1285576.967794494,Corn
2021,4,3631.986479997305,Sorghum
2021,5,388390.50259027357,Soybeans
2021,6,459.7291904186172,Other (6)
2021,12,10955.027430798658,Other (12)
2021,13,41.6707028657804,Other (13)
2021,21,1419.8046684891633,Barley
2021,23,1191.198495165058,Spring Wheat
2021,24,141274.98404465357,Winter Wheat
2021,25,33.65154823517758,Other (25)
2021,26,203.65272152259047,Other (26)
2021,27,7163.9920168933895,Other (27)
2021,28,18899.114611214234,Other (28)
2021,29,233.16459033939995,Other (29)
2021,30,669.5782525777659,Other (30)
2021,36,686748.3707217888,Alfalfa
2021,37,931701.3816978602,Other Hay
2021,39,402.1325989684586,Other (39)
2021,41,2803.341893564736,Other (41)
2021,42,32021.30205543462,Other (42)
2021,43,13985.498679454955,Other (43)
2021,44,296.50909829687345,Other (44)
2021,47,84.05107585158257,Other (47)
2021,49,10085.259448934587,Other (49)
2021,50,1354.4680307821181,Other (50)
2021,53,7836.933570687936,Other (53)
2021,56,6.10880922677148,Other (56)
2021,57,20.82944325366776,Other (57)
2021,58,5727.975875586404,Other (58)
2021,59,1275.0836115704724,Sod/Grass Seed
2021,61,7164.360377930853,Fallow
2021,66,98.36490943556727,Other (66)
2021,67,131.6764111275047,Other (67)
2021,68,31734.717562021964,Other (68)
2021,69,32961.83967761962,Other (69)
2021,70,161.2787548072607,Other (70)
2021,77,9.02824896902714,Other (77)
2021,111,136.0056350389875,Other (111)
2021,121,4771.239859875852,Developed
2021,122,828.7539342744705,Other (122)
2021,123,1396.0476606443171,Other (123)
2021,124,1022.0348230695809,Other (124)
2021,131,453.9211148037137,Other (131)
2021,141,5189.522576070304,Forest
2021,142,218.30479024710536,Other (142)
2021,143,139.695824503029,Other (143)
2021,152,36.57798479998394,Other (152)
2021,176,572569.9977262946,Grass/Pasture
2021,190,689.505067139166,Other (190)
2021,195,681.4650120151101,Other (195)
2021,205,5056.96172471215,Other (205)
2021,206,1047.812170967576,Other (206)
2021,214,499.103887475492,Other (214)
2021,216,109.86074849877258,Other (216)
2021,219,140.81633271457855,Other (219)
2021,220,12.9497196981589,Other (220)
2021,222,2474.61323938215,Other (222)
2021,225,452.47250435421626,Other (225)
2021,228,5338.058402508368,Other (228)
2021,229,1314.946517915148,Other (229)
2021,236,62.41640269541994,Other (236)
2021,237,43.25990050934283,Other (237)
2021,240,43.879610008935,Other (240)
2021,242,99.71023858005239,Other (242)
2021,243,6854.289936116824,Other (243)
2021,244,21.474445768299248,Other (244)
2022,1,1314208.7209379934,Corn
2022,4,3077.57009020058,Sorghum
2022,5,414755.5914151191,Soybeans
2022,6,446.81480816368963,Other (6)
2022,12,10303.457685595346,Other (12)
2022,13,4.96125027801943,Other (13)
2022,21,1223.773652932933,Barley
2022,23,736.580597241885,Spring Wheat
2022,24,94043.52492617512,Winter Wheat
2022,26,54.10695994352915,Other (26)
2022,27,4596.528396047042,Other (27)
2022,28,17026.99364981199,Other (28)
2022,29,135.04779666704698,Other (29)
2022,30,93.10064459108875,Other (30)
2022,36,651855.0671441975,Alfalfa
2022,37,877480.3967376486,Other Hay
2022,39,456.41380282330135,Other (39)
2022,41,1779.3430684163723,Other (41)
2022,42,24862.65208085264,Other (42)
2022,43,11758.230425240248,Other (43)
2022,44,193.05653603399523,Other (44)
2022,47,186.8989371226949,Other (47)
2022,48,19.3867650479836,Other (48)
2022,49,9580.463939239162,Other (49)
2022,50,1106.0333168621205,Other (50)
2022,52,11.4168871989304,Other (52)
2022,53,6722.863065629233,Other (53)
2022,54,34.11528924790232,Other (54)
2022,56,6.10880922677148,Other (56)
2022,57,863.636764865221,Other (57)
2022,58,7012.804009823499,Other (58)
2022,59,978.5506170692928,Sod/Grass Seed
2022,61,32075.823862702968,Fallow
2022,66,109.07824682111217,Other (66)
2022,67,151.18537853221898,Other (67)
2022,68,35909.885174750685,Other (68)
2022,69,34794.39718470166,Other (69)
2022,70,90.49379821421392,Other (70)
2022,77,39.88412707478852,Other (77)
2022,111,148.856922667747,Other (111)
2022,121,4794.793536755756,Developed
2022,122,846.7931232888614,Other (122)
2022,123,1397.4522671307689,Other (123)
2022,124,1059.6872069662,Other (124)
2022,131,508.11709975712586,Other (131)
2022,141,4458.617999398747,Forest
2022,142,134.81581390858346,Other (142)
2022,143,100.22884977329689,Other (143)
2022,152,72.98621426161314,Other (152)
2022,176,644221.3308746576,Grass/Pasture
2022,190,766.0505514612537,Other (190)
2022,195,486.93741514157756,Other (195)
2022,205,4509.0824791867,Other (205)
2022,206,718.9428838317168,Other (206)
2022,214,264.8987271825955,Other (214)
2022,219,6.81490662432907,Other (219)
2022,220,23.3802430343189,Other (220)
2022,221,56.71547759868653,Other (221)
2022,222,2087.4753366554087,Other (222)
2022,225,353.2821827747209,Other (225)
2022,228,5775.961284780996,Other (228)
2022,229,940.2703754307927,Other (229)
2022,236,41.7000731642427,Other (236)
2022,237,12.69932136667813,Other (237)
2022,242,107.45039037168279,Other (242)
2022,243,5671.265540845982,Other (243)
2022,244,106.79216004724921,Other (244)
2022,248,2.87744362471317,Other (248)
2023,1,1288774.109360771,Corn
2023,4,3139.207174223036,Sorghum
2023,5,429196.2168485734,Soybeans
2023,6,407.25177293048336,Other (6)
2023,12,10386.632875549094,Other (12)
2023,21,1880.4637024101448,Barley
2023,23,538.6266554964676,Spring Wheat
2023,24,135652.94539437207,Winter Wheat
2023,27,4206.495546485353,Other (27)
2023,28,19717.61887560482,Other (28)
2023,29,344.1515058343314,Other (29)
2023,30,44.6493506205465,Other (30)
2023,35,296.21598670439624,Other (35)
2023,36,622722.7078327576,Alfalfa
2023,37,816593.476304387,Other Hay
2023,39,522.1396810328625,Other (39)
2023,41,2112.0510308141047,Other (41)
2023,42,19987.972986742487,Other (42)
2023,43,15612.401187426549,Other (43)
2023,44,111.21229583074711,Other (44)
2023,47,25.95300884342597,Other (47)
2023,49,9279.643827652619,Other (49)
2023,50,1276.2068736026536,Other (50)
2023,53,9738.517679917817,Other (53)
2023,57,40.922825441673254,Other (57)
2023,58,6049.0923089673315,Other (58)
2023,59,1441.4624814204553,Sod/Grass Seed
2023,61,7019.471631010391,Fallow
2023,66,1373.4526676710584,Other (66)
2023,67,165.82318486438294,Other (67)
2023,68,33592.053641081955,Other (68)
2023,69,35379.80846574693,Other (69)
2023,70,187.74956502319708,Other (70)
2023,77,59.359153183508525,Other (77)
2023,92,12.71524157324688,Other (92)
2023,111,214.10350937907236,Other (111)
2023,121,4535.166788861125,Developed
2023,122,797.4967756907346,Other (122)
2023,123,1354.5901158459747,Other (123)
2023,124,1066.506583372512,Other (124)
2023,131,697.5343345408276,Other (131)
2023,141,3070.8801146777,Forest
2023,142,65.02687854634055,Other (142)
2023,143,47.6260839875832,Other (143)
2023,152,87.20902669389879,Other (152)
2023,176,724402.8281793479,Grass/Pasture
2023,190,405.69025526561217,Other (190)
2023,195,490.56139885623463,Other (195)
2023,205,4862.320028276296,Other (205)
2023,206,1119.6416708656147,Other (206)
2023,214,413.1467646785739,Other (214)
2023,216,6.89926464349287,Other (216)
2023,220,12.9497196981589,Other (220)
2023,222,3028.5054906564415,Other (222)
2023,225,159.68783561020334,Other (225)
2023,228,7241.064520763028,Other (228)
2023,229,570.3902764419653,Other (229)
2023,236,9.45618532710324,Other (236)
2023,240,3.06673535118187,Other (240)
2023,242,99.71023858005239,Other (242)
2023,243,5767.681040550778,Other (243)
2023,244,42.7167407185268,Other (244)
2024,1,1111220.3388037093,Corn
2024,3,8.81577066511418,Other (3)
2024,4,2605.8924706189855,Sorghum
2024,5,423542.38458844164,Soybeans
2024,6,661.8406350565826,Other (6)
2024,11,64.46331563494908,Other (11)
2024,12,11352.008703177215,Other (12)
2024,13,192.5244814670902,Other (13)
2024,21,2872.7854404986947,Barley
2024,23,799.6468018253983,Spring Wheat
2024,24,103982.8473085169,Winter Wheat
2024,25,610.6232054532611,Other (25)
2024,26,769.6833333557274,Other (26)
2024,27,5648.387798477387,Other (27)
2024,28,19844.2486657649,Other (28)
2024,29,828.6087941118524,Other (29)
2024,30,373.10185532640384,Other (30)
2024,36,276440.5877478527,Alfalfa
2024,37,59555.29299794031,Other Hay
2024,39,1087.1246132415017,Other (39)
2024,41,3104.6522914802,Other (41)
2024,42,24905.88537647244,Other (42)
2024,43,13677.845946829631,Other (43)
2024,44,656.8366301947722,Other (44)
2024,46,6.01518661639345,Other (46)
2024,47,779.2678989702982,Other (47)
2024,48,4.02800628519866,Other (48)
2024,49,9354.314911548807,Other (49)
2024,50,2772.3583426763644,Other (50)
2024,53,8690.479028059142,Other (53)
2024,54,122.46055379163813,Other (54)
2024,56,7.15070376610378,Other (56)
2024,57,455.50108449507695,Other (57)
2024,58,3484.692435962167,Other (58)
2024,59,1406.3530424174787,Sod/Grass Seed
2024,60,11.1530738616756,Other (60)
2024,61,20252.97365809457,Fallow
2024,66,1404.288926152899,Other (66)
2024,67,629.6863848840285,Other (67)
2024,68,32144.764395632526,Other (68)
2024,69,14856.445999395986,Other (69)
2024,70,911.9407181719246,Other (70)
2024,71,7.23152053944509,Other (71)
2024,76,6.11214140235646,Other (76)
2024,77,378.9141847362937,Other (77)
2024,92,40.95372679875716,Other (92)
2024,111,733.8450064744197,Other (111)
2024,121,4072.7227573513137,Developed
2024,122,2000.0837072038494,Other (122)
2024,123,1624.828367887792,Other (123)
2024,124,1596.4919410294808,Other (124)
2024,131,9248.03453140819,Other (131)
2024,141,22229.36842107155,Forest
2024,142,337.63586775339695,Other (142)
2024,143,714.2273170334968,Other (143)
2024,152,1288.160128398413,Other (152)
2024,176,1986257.5624340589,Grass/Pasture
2024,190,2754.7777663747634,Other (190)
2024,195,2186.95192990719,Other (195)
2024,205,3482.3302046283375,Other (205)
2024,206,1682.3874192015082,Other (206)
2024,208,55.09920811093869,Other (208)
2024,214,772.2614631861401,Other (214)
2024,216,571.0584942859783,Other (216)
2024,219,1123.7673953410042,Other (219)
2024,220,133.32081927786447,Other (220)
2024,221,198.75640712933313,Other (221)
2024,222,3653.4486087224045,Other (222)
2024,225,827.1661106655725,Other (225)
2024,226,439.7763019725476,Other (226)
2024,227,448.4620233700579,Other (227)
2024,228,18229.622450478444,Other (228)
2024,229,1962.7098733825642,Other (229)
2024,236,28.45530037539779,Other (236)
2024,237,265.2224080103306,Other (237)
2024,242,119.24643524459437,Other (242)
2024,243,6318.915902676335,Other (243)
2024,244,328.985623209447,Other (244)
2024,245,37.01545450056396,Other (245)
2024,246,37.35020536503172,Other (246)
2024,248,23.07174299711535,Other (248)
2024,249,24.83719234834974,Other (249)
2024,254,119.76476098936558,Other (254)
